{"_id":"5ff36862d2693e8e8f21ad09","firstName":"Houston","lastName":"Carpenter","isAlive":false,"age":56,"address":{"streetAddress":"Russell Street","city":"Nogal","state":"Palau","postalCode":2161},"phoneNumbers":[{"type":"mobile","number":"+1 (836) 542-3319"},{"type":"home","number":"+1 (997) 467-3043"}]}
{"_id":"5ff36868b9348826533a79e3","firstName":"Reba","lastName":"Mcintosh","isAlive":true,"age":96,"address":{"streetAddress":"Gold Street","city":"Titanic","state":"New York","postalCode":4809},"phoneNumbers":[{"type":"mobile","number":"+1 (861) 454-3134"},{"type":"work","number":"+1 (912) 554-2411"}]}
{"_id":"5ff3686fdfc968f62fb0fb29","firstName":"Laurie","lastName":"Hughes","isAlive":false,"age":96,"address":{"streetAddress":"Baughman Place","city":"Keller","state":"Arizona","postalCode":5659},"phoneNumbers":[{"type":"work","number":"+1 (944) 548-2700"},{"type":"home","number":"+1 (971) 409-3822"}]}
{"_id":"5ff36879f03e0284b4a95dcb","firstName":"Sanchez","lastName":"Morse","isAlive":true,"age":98,"address":{"streetAddress":"Delevan Street","city":"Chical","state":"Indiana","postalCode":1736},"phoneNumbers":[{"type":"work","number":"+1 (963) 436-3814"},{"type":"mobile","number":"+1 (966) 441-2426"},{"type":"mobile","number":"+1 (943) 400-2233"}]}
{"_id":"5ff368815f1e3fdad51c1a6e","firstName":"Clara","lastName":"Cantrell","isAlive":true,"age":75,"address":{"streetAddress":"College Place","city":"Masthope","state":"Oklahoma","postalCode":2905},"phoneNumbers":[{"type":"mobile","number":"+1 (967) 578-2188"},{"type":"work","number":"+1 (993) 501-3582"},{"type":"mobile","number":"+1 (882) 574-2090"}]}
